Signature,Block Time,Human Time,Action,From,To,Amount,Flow,Value,Decimals,Token Address, Multiplier
3WC2cBK1GggExj9b7uDzbBugRntnP4uC1KoTfCeHQZRECN5Phs2bT82e2xyCjpyCugG2fooH9siiPc3rpaFeQcWh,1761642763,2025-10-28T09:12:43.000Z,TRANSFER,HiMhS6KajuD6bBeXX8XS5QXbhWAuA5tqXTJUQRkFJDuS,ecjBCyby1qPY5n2yMvUBpbnNXKuGP9YthXwJYuh6X5c,1110440391,out,1110.44,6,EPjFWdd5AufqSSqeM2qN1xzybapC8G4wEGGkZwyTDt1v,1.0
4tHAbztZxxAgqk9ULKJmWhQgFDie31FtHtU5QWwmRKK1dMfzp6VJAXrap6tDL1ZQrn4kcxSD5mafMxV3bnHpRupT,1761582684,2025-10-27T16:31:24.000Z,TRANSFER,HiMhS6KajuD6bBeXX8XS5QXbhWAuA5tqXTJUQRkFJDuS,EGpCZyaLuUe3UGuHy3Sci5sFPjsw264oniLc7kkLUpGn,1028793359,out,1028.79,6,EPjFWdd5AufqSSqeM2qN1xzybapC8G4wEGGkZwyTDt1v,1.0
66h1AcF6ZX6sseDcdXPT6vvgcQujPBpy26GBagHbB5PAG8DvYwnjVBYNdBeAqjPYDi6wYMwy1owZEtPdP6sBueRh,1761481105,2025-10-26T12:18:25.000Z,TRANSFER,HiMhS6KajuD6bBeXX8XS5QXbhWAuA5tqXTJUQRkFJDuS,4ET19fKes9zPNL12cciwf5kHtawLz4MdKnHmYzwtjRMo,1161074883,out,1161.07,6,EPjFWdd5AufqSSqeM2qN1xzybapC8G4wEGGkZwyTDt1v,1.0
5rpiFbHGMV8Ttr5oNvGt6QdTNo1TUKPwSxNQFvdU35n6z9Kf6sQP6ooXeESPqfqG9ySuXZFrrrRxAsoXguJjV1JC,1761478204,2025-10-26T11:30:04.000Z,TRANSFER,HiMhS6KajuD6bBeXX8XS5QXbhWAuA5tqXTJUQRkFJDuS,58vbsWB1ytfwbLNszgf8AHEufLHrXpjvpN8MbcucnaV8,1437994852,out,1437.99,6,EPjFWdd5AufqSSqeM2qN1xzybapC8G4wEGGkZwyTDt1v,1.0
9ohmjVBJCDVzoX7EdWFqaoPbT3g3qH5nnUGoHKya2jjScF1voJJeVoJPtEbqteRYEc5AJ52BF193sPuFDDukbfg,1761423763,2025-10-25T20:22:43.000Z,TRANSFER,HiMhS6KajuD6bBeXX8XS5QXbhWAuA5tqXTJUQRkFJDuS,Cpj9beKnasD27CoHHoKcL8NPVRCPS9kYXFXFzDmQAguX,1106087764,out,1106.09,6,EPjFWdd5AufqSSqeM2qN1xzybapC8G4wEGGkZwyTDt1v,1.0
4dVxg16HgdpigxJeMcfKiVQzeenkinVJpDQvmnxJLNDAiFQ9gprVatFXk6wjbMvq2u5cYTqbiNjek1ZLKbErhb6k,1761327785,2025-10-24T17:43:05.000Z,TRANSFER,HiMhS6KajuD6bBeXX8XS5QXbhWAuA5tqXTJUQRkFJDuS,8H1kv1C6LsSBcJqnSmBfawFgKH8VDwDXasAqcrfsVbJg,1770675462,out,1770.68,6,EPjFWdd5AufqSSqeM2qN1xzybapC8G4wEGGkZwyTDt1v,1.0
2s8JMjVSrSbvvSZaNj22ZzyPM8fUiQZ1F3uSXRuqrqBXvYPv3YHFPCaAGazZ5qwLeV36vDS4nQ97sVdHH9V1cY48,1761299863,2025-10-24T09:57:43.000Z,TRANSFER,HiMhS6KajuD6bBeXX8XS5QXbhWAuA5tqXTJUQRkFJDuS,6CNPwoSTEE9yfgZtcgXZVzSWzoHrFQ1UkrP9kiWdXnrF,1424394700,out,1424.39,6,EPjFWdd5AufqSSqeM2qN1xzybapC8G4wEGGkZwyTDt1v,1.0
4e4EoTmxZPoUWaV7C4minnzP9frraQjgia5qkNkAtHzT7SFdv8TUxegWKgbxbfrRij6XZsyp79AKmippcoJaE3cN,1761229593,2025-10-23T14:26:33.000Z,TRANSFER,HiMhS6KajuD6bBeXX8XS5QXbhWAuA5tqXTJUQRkFJDuS,2rKXteR775ejj2QrVntTzz8STL6rY9dN2Jji1qxN2vDZ,3913273102,out,3913.27,6,EPjFWdd5AufqSSqeM2qN1xzybapC8G4wEGGkZwyTDt1v,1.0
5Dssy9CD8ebGcQYZwqFaUEMxG77rjgEjwaFzVUYSGMkxEf6U8pNhN94UeicoDs4rDUA57zzErWRe3QPyRGbmKGQn,1761220932,2025-10-23T12:02:12.000Z,TRANSFER,HiMhS6KajuD6bBeXX8XS5QXbhWAuA5tqXTJUQRkFJDuS,67ntgiyidqXS5LB5UKSv3R6RURKncfutFjvLvnLpNy7Q,1571230823,out,1571.23,6,EPjFWdd5AufqSSqeM2qN1xzybapC8G4wEGGkZwyTDt1v,1.0
5DPQZdwvX83cmHuAEnCcyqYMSi2AzbGxUHSkZEBRxtaRtA4dNjHsfbQddxyzKgDAnu3NGpkL7tQur8wXf1FEqmDA,1761209852,2025-10-23T08:57:32.000Z,TRANSFER,HiMhS6KajuD6bBeXX8XS5QXbhWAuA5tqXTJUQRkFJDuS,599yE8i4CzRHV7ou8npYNg2kcfq2Tvc9SBSy93nN4hx8,2111039622,out,2111.04,6,EPjFWdd5AufqSSqeM2qN1xzybapC8G4wEGGkZwyTDt1v,1.0
5ZZ68nrPqMVbGnApAekmrSvQc83VLjkNpDvVjYDpdC59otwjsXj5LvkBQUTkauqMV8g3v8SvPmAniwHRqj2r454V,1761209012,2025-10-23T08:43:32.000Z,TRANSFER,HiMhS6KajuD6bBeXX8XS5QXbhWAuA5tqXTJUQRkFJDuS,Gcp3e7dB3rZVVP5F9XMtGh6eb3cCa7r2CMCpHDtUAXVp,1111932722,out,1111.93,6,EPjFWdd5AufqSSqeM2qN1xzybapC8G4wEGGkZwyTDt1v,1.0
5wYs5KAep8t5xJrKPdqPgu3ctruY74PZYpAdmw5yGVpHMJGDddTFLQLxwmxVBGSXDv3cFDvUiKUUsg8vFT1Yu5T4,1761162392,2025-10-22T19:46:32.000Z,TRANSFER,HiMhS6KajuD6bBeXX8XS5QXbhWAuA5tqXTJUQRkFJDuS,FkHCxDMey2tPsEjyRvEWJwQUaUgxZzYwcn7v6W7QdaDd,2580852943,out,2580.85,6,EPjFWdd5AufqSSqeM2qN1xzybapC8G4wEGGkZwyTDt1v,1.0
3ijrwXL5pSaaL3uaiFnmPTnsAxtAEqA2rrUnvYF5Lt2x44NHtsCJQeouohYnenW6LdkN6Khzu2sTeJz1AkqZB6ix,1761152033,2025-10-22T16:53:53.000Z,TRANSFER,HiMhS6KajuD6bBeXX8XS5QXbhWAuA5tqXTJUQRkFJDuS,6Z15PogszTgXCMprmNjuGimHpW8C9fLgDEd5APBkdBxw,1000161274,out,1000.16,6,EPjFWdd5AufqSSqeM2qN1xzybapC8G4wEGGkZwyTDt1v,1.0
3H3qLDSScmyVDPvv9w18nhK1yuv1caxJc9ReYKYmdhEpAPREEALYNPwwzo3uD6yJFWHZeXbAeACAbCcDDZoj7w1f,1761144752,2025-10-22T14:52:32.000Z,TRANSFER,HiMhS6KajuD6bBeXX8XS5QXbhWAuA5tqXTJUQRkFJDuS,K5USSa4X1CFK2TgKX3tFPgmbWmB1ZNpnw95uXPUQZHj,1800236725,out,1800.24,6,EPjFWdd5AufqSSqeM2qN1xzybapC8G4wEGGkZwyTDt1v,1.0
4TtpJDN9H97w33DhRKF8eskb91tcJaVwhvXo4oDHnd8r5TSUzaYfTmhGiZ7qMMG87hs5owbQW7Q9MREkgFcacvhV,1761143873,2025-10-22T14:37:53.000Z,TRANSFER,HiMhS6KajuD6bBeXX8XS5QXbhWAuA5tqXTJUQRkFJDuS,mFeSG6rH4Suw6fVM1veDa3k2M8TB5oChf3DgYLv62jS,1135470113,out,1135.47,6,EPjFWdd5AufqSSqeM2qN1xzybapC8G4wEGGkZwyTDt1v,1.0
4vzD5iMQEzFUX3C77LWvTVj413Fpnrf1vrz4AuXBsecBGh3cQeKptToLbexvEWc8DmGr1KANN2rgiEdxsEbJZenB,1761074880,2025-10-21T19:28:00.000Z,TRANSFER,HiMhS6KajuD6bBeXX8XS5QXbhWAuA5tqXTJUQRkFJDuS,5ndWYEvKvTjxgcEEVUNpgDT92zFyc7CKtn86dZHLPri8,1110927774,out,1110.93,6,EPjFWdd5AufqSSqeM2qN1xzybapC8G4wEGGkZwyTDt1v,1.0
2mbPvmjgUSJWXrZr6yBrVnSaiLgBHWjWf69NCukp2i4diLyVNB8p5C98D62ZJKnKicdmjkux4MHZbg9BJtGv44Yo,1761044902,2025-10-21T11:08:22.000Z,TRANSFER,HiMhS6KajuD6bBeXX8XS5QXbhWAuA5tqXTJUQRkFJDuS,4c8Q4wRnMVvLV45YY5E96Qbvs51Af3iv8xp3BXJoFdYc,1267087169,out,1267.09,6,EPjFWdd5AufqSSqeM2qN1xzybapC8G4wEGGkZwyTDt1v,1.0
2Qca7L58snRz9m7cZTSzha3ihUtvH9ZKXe6kcZNRbFy3DoQNygsKiX9buoueKQFTXGfqpZCE9Br9GFFYmm8QUGyw,1760960740,2025-10-20T11:45:40.000Z,TRANSFER,HiMhS6KajuD6bBeXX8XS5QXbhWAuA5tqXTJUQRkFJDuS,D1GbtfPnxNmYZrK91f4bDhYwo2o2uLz59dd7kLnrr1HH,1334050917,out,1334.05,6,EPjFWdd5AufqSSqeM2qN1xzybapC8G4wEGGkZwyTDt1v,1.0
5gFk1AB1yrVJ5EB2nhTZijXtgEdUMAuQ9jdDF7r4SyjaWdfks7mLpk3TBCzKAQaZJNMN2AmGnfYpXGVqDoL1ZF8N,1760954620,2025-10-20T10:03:40.000Z,TRANSFER,HiMhS6KajuD6bBeXX8XS5QXbhWAuA5tqXTJUQRkFJDuS,67ntgiyidqXS5LB5UKSv3R6RURKncfutFjvLvnLpNy7Q,1372978383,out,1372.98,6,EPjFWdd5AufqSSqeM2qN1xzybapC8G4wEGGkZwyTDt1v,1.0
Q9vds5tJn7Gfe2UcpjkssERFQWsnvVvnaqXmoMdr6A5X1fhiBwgvNQxsWVnnJJDcM1E8Rx8D8eGD7DV82na7a7a,1760865222,2025-10-19T09:13:42.000Z,TRANSFER,HiMhS6KajuD6bBeXX8XS5QXbhWAuA5tqXTJUQRkFJDuS,GJKhtFzFbsVU1c8itBPzUyfravW3Zq9Gj9eMKRixbaN4,1341323049,out,1341.32,6,EPjFWdd5AufqSSqeM2qN1xzybapC8G4wEGGkZwyTDt1v,1.0
5CAE5pZFspT5Y1Rsz4m7QsiNJXU5vMW3om9VnqfTzre1Pciesy9KsH6b4Psc63vV5jGWkU6ypPYBABKuDhgHqG1E,1760796250,2025-10-18T14:04:10.000Z,TRANSFER,HiMhS6KajuD6bBeXX8XS5QXbhWAuA5tqXTJUQRkFJDuS,58vbsWB1ytfwbLNszgf8AHEufLHrXpjvpN8MbcucnaV8,1091480183,out,1091.48,6,EPjFWdd5AufqSSqeM2qN1xzybapC8G4wEGGkZwyTDt1v,1.0
5TLRF8DwoT8cjX6yVSbwrpDH2aNejaCEszSsPwZ5EwcTDEzmofvhdRPum7AuaKj8P3U4nUQJCPR55nt4ukybkaX8,1760731041,2025-10-17T19:57:21.000Z,TRANSFER,HiMhS6KajuD6bBeXX8XS5QXbhWAuA5tqXTJUQRkFJDuS,2nLijBw4UCDpD4ZQC6zxwsUsgNnMvYyucfWsexuLzQMN,1563857430,out,1563.86,6,EPjFWdd5AufqSSqeM2qN1xzybapC8G4wEGGkZwyTDt1v,1.0
3uZem9jSZUSyjUvxR8bpJuMNCWUWHQvtv3pYgZRaZDgkXNZsyLgQHLnJJNYT5uQUtmkL6ZYhLs9649jokbC4nTBC,1760688801,2025-10-17T08:13:21.000Z,TRANSFER,HiMhS6KajuD6bBeXX8XS5QXbhWAuA5tqXTJUQRkFJDuS,JD252cDx4FsuLWeT5Z8ah44gtUiBbQkqwqdzVD3K1Kzd,1481789359,out,1481.79,6,EPjFWdd5AufqSSqeM2qN1xzybapC8G4wEGGkZwyTDt1v,1.0
55rfRpPzduGrRtDMRhMrpCMEDdbGCcZd2nT61gV2WrYKzyieYt4RJyb3FQYrqPF7hyihQhxAgZKMsCeJmRx9XTDM,1760688600,2025-10-17T08:10:00.000Z,TRANSFER,HiMhS6KajuD6bBeXX8XS5QXbhWAuA5tqXTJUQRkFJDuS,886awAmQMrGZUjB8uP47G5pFok4PXPPcpe38FNNYB3CJ,1116981307,out,1116.98,6,EPjFWdd5AufqSSqeM2qN1xzybapC8G4wEGGkZwyTDt1v,1.0
5m5q4MLCSbPSb5AufdYHSVTcQUNm6fEJhXG6CwCMtzubZqqvYXvpzM7bMVWZoWDbmptr97wN9ixiUvZ2bVquR1qf,1760630781,2025-10-16T16:06:21.000Z,TRANSFER,HiMhS6KajuD6bBeXX8XS5QXbhWAuA5tqXTJUQRkFJDuS,2rKXteR775ejj2QrVntTzz8STL6rY9dN2Jji1qxN2vDZ,3666058941,out,3666.06,6,EPjFWdd5AufqSSqeM2qN1xzybapC8G4wEGGkZwyTDt1v,1.0
4cEKVaBNtCVCUpAnR4WpBY4fPi4uEJndm83EYGP47SDQkHVNT9tG4CnvUoocEaK7z7uLovft6gdajZcJEbEqMstz,1760524800,2025-10-15T10:40:00.000Z,TRANSFER,HiMhS6KajuD6bBeXX8XS5QXbhWAuA5tqXTJUQRkFJDuS,Cpj9beKnasD27CoHHoKcL8NPVRCPS9kYXFXFzDmQAguX,1107034757,out,1107.03,6,EPjFWdd5AufqSSqeM2qN1xzybapC8G4wEGGkZwyTDt1v,1.0
kCcb6LfpQy6RZe15U9bbbAxn6WbJAmaR6MgYsJZLUwmeoVtdVwVt573oE3iWVg8XQEHPbKgrqCZF9TpwwPgLqMY,1760519801,2025-10-15T09:16:41.000Z,TRANSFER,HiMhS6KajuD6bBeXX8XS5QXbhWAuA5tqXTJUQRkFJDuS,AVMmhevC2gfYT41nG4rhtt2GgLc3x26kaNVdD3vzG3L6,1861441066,out,1861.44,6,EPjFWdd5AufqSSqeM2qN1xzybapC8G4wEGGkZwyTDt1v,1.0
KG6Ch7ZbyT56KyDwbcSatrphP3csjw8FFWKQMw3qPk9jzJSMmrKZzWpBB5qKJjKs3RkZ3cYMkdxtRgUWko3dcBH,1760470400,2025-10-14T19:33:20.000Z,TRANSFER,HiMhS6KajuD6bBeXX8XS5QXbhWAuA5tqXTJUQRkFJDuS,Ez7SUNDoi37iGGiT1ca5w5J4APEvHyqkrBvYzxLSWD93,1570887023,out,1570.89,6,EPjFWdd5AufqSSqeM2qN1xzybapC8G4wEGGkZwyTDt1v,1.0
3Fzdq6aZymjLwDCAcD6LdWxDZAnA5MeqKBQbVQfcVhuxK9JJViZvpQBXQChTbEu5kCnRMUHvDmSiBzqT1VoKkFR4,1760451822,2025-10-14T14:23:42.000Z,TRANSFER,HiMhS6KajuD6bBeXX8XS5QXbhWAuA5tqXTJUQRkFJDuS,8K8Z2BqfyMR5SxD2ws2iuuBrgtPUnfAexB9RkYpXSABP,1045911308,out,1045.91,6,EPjFWdd5AufqSSqeM2qN1xzybapC8G4wEGGkZwyTDt1v,1.0
DRsYQxPaZkcsvViW4WUeujDtdAyUez9Ds9iUqDXHGgbxYKnJ5nGojmz4rz8wUtLemnXRPyVSLq9HozBcoGU75R7,1760375620,2025-10-13T17:13:40.000Z,TRANSFER,HiMhS6KajuD6bBeXX8XS5QXbhWAuA5tqXTJUQRkFJDuS,D1GbtfPnxNmYZrK91f4bDhYwo2o2uLz59dd7kLnrr1HH,1329243097,out,1329.24,6,EPjFWdd5AufqSSqeM2qN1xzybapC8G4wEGGkZwyTDt1v,1.0
smypzCPHc4jxpeH7AA1ymEwqKh6ijckr9i2iW6YP5s5gEhfjUrih6ohGwV2V2ySKBh9xGoCf7FxiZc4RNbZSmVK,1760367121,2025-10-13T14:52:01.000Z,TRANSFER,HiMhS6KajuD6bBeXX8XS5QXbhWAuA5tqXTJUQRkFJDuS,E7KNLpvM3fY6qaHXE4MRMQQ4hL66biSQ2DouuuXYL77o,1500000000,out,1500,6,EPjFWdd5AufqSSqeM2qN1xzybapC8G4wEGGkZwyTDt1v,1.0
2RHZ5CHkxtxDronpjkbqJJPufYQSCejrh5zwpdGZTXNjyAxYor9qXvLP4hXgydFSkHziWNfmDGGjkFzhN4QJFYyb,1760287321,2025-10-12T16:42:01.000Z,TRANSFER,HiMhS6KajuD6bBeXX8XS5QXbhWAuA5tqXTJUQRkFJDuS,GJKhtFzFbsVU1c8itBPzUyfravW3Zq9Gj9eMKRixbaN4,1327903317,out,1327.9,6,EPjFWdd5AufqSSqeM2qN1xzybapC8G4wEGGkZwyTDt1v,1.0
66FzvhCzzt1sEDq1bvXpezNJntUnN6oqH6cv8QaNcKcxyevs3aokPTbsZZjZ1k3Pp51rTMjkPZwgsHBefyU1LB8o,1760196500,2025-10-11T15:28:20.000Z,TRANSFER,HiMhS6KajuD6bBeXX8XS5QXbhWAuA5tqXTJUQRkFJDuS,ykDVEEznM7UCm2LiuC8gDNK4nVWLT1DcyQPSRu4UpHo,1264093016,out,1264.09,6,EPjFWdd5AufqSSqeM2qN1xzybapC8G4wEGGkZwyTDt1v,1.0
3M8tTevjQ3LD7DinKSypDewNKjiiVdFqFdQxAZahsBfxkxespzPXcWWYSsQ5AnRp9y462rB8H9DYji5GLUY1GUi2,1760193561,2025-10-11T14:39:21.000Z,TRANSFER,HiMhS6KajuD6bBeXX8XS5QXbhWAuA5tqXTJUQRkFJDuS,FtYitJhnhXNPK4wGHnZA5v8kfdUeym9uCSanxX4ejgpX,5467030910,out,5467.03,6,EPjFWdd5AufqSSqeM2qN1xzybapC8G4wEGGkZwyTDt1v,1.0
3eoTfMZWcT6h8Wn6TgjC4TKYwbSNBKxaCpK4VRSPkuLxzMLk8hiHV5wF71LW8samQki5RkaCqtu5wSkNMDFyotLS,1760179600,2025-10-11T10:46:40.000Z,TRANSFER,HiMhS6KajuD6bBeXX8XS5QXbhWAuA5tqXTJUQRkFJDuS,25GChxCnRo4vFB7sFNxqyo9p5kYSYDWBwc5avCYpazjG,1718516586,out,1718.52,6,EPjFWdd5AufqSSqeM2qN1xzybapC8G4wEGGkZwyTDt1v,1.0
28mMRqqJp7neA6ZFgPkshJv71awAnfX9nRnje7ahQSzfeipwohHR23UpD7uPMBEFKbCS65zwZMU7VWHhQHzwEKNw,1760136763,2025-10-10T22:52:43.000Z,TRANSFER,HiMhS6KajuD6bBeXX8XS5QXbhWAuA5tqXTJUQRkFJDuS,E7KNLpvM3fY6qaHXE4MRMQQ4hL66biSQ2DouuuXYL77o,2000000000,out,2000,6,EPjFWdd5AufqSSqeM2qN1xzybapC8G4wEGGkZwyTDt1v,1.0
3y7TsQAukWFbyziv9oUYjaCU3At8sf7DvboyDewwk8uguowDqakqayUbbFATee1VKMDrjc5HtCWjwYTGNKPthm8C,1760095944,2025-10-10T11:32:24.000Z,TRANSFER,HiMhS6KajuD6bBeXX8XS5QXbhWAuA5tqXTJUQRkFJDuS,9wCSWKUuT4xv2XvK7naNN8uEncuZMHGAWmAWaTPEqcWM,1131135400,out,1131.14,6,EPjFWdd5AufqSSqeM2qN1xzybapC8G4wEGGkZwyTDt1v,1.0
4gXJiRbb2vneCAXfxFCzVLc53BrPm5QAZK5eSyP38iRvXhThEnVqUFz7tAo7uhcX9Zt9yG1jjoyRkW759F4MiCGL,1760038840,2025-10-09T19:40:40.000Z,TRANSFER,HiMhS6KajuD6bBeXX8XS5QXbhWAuA5tqXTJUQRkFJDuS,FkHCxDMey2tPsEjyRvEWJwQUaUgxZzYwcn7v6W7QdaDd,2782998787,out,2783,6,EPjFWdd5AufqSSqeM2qN1xzybapC8G4wEGGkZwyTDt1v,1.0
QSEnwBQgNwFTaBT16S28JzqcJF5ueZrM9B4Pxsn5QSyQKXegTieSgrfyixzP6FTvJLdPV7zq1GbnVUKj9pmYLQu,1760019240,2025-10-09T14:14:00.000Z,TRANSFER,HiMhS6KajuD6bBeXX8XS5QXbhWAuA5tqXTJUQRkFJDuS,6CNPwoSTEE9yfgZtcgXZVzSWzoHrFQ1UkrP9kiWdXnrF,1183358391,out,1183.36,6,EPjFWdd5AufqSSqeM2qN1xzybapC8G4wEGGkZwyTDt1v,1.0
4RvbdBgcr8FmYxMQhhpuW69SKhAUhKBZvzYhRwX4vt3PNBpMfAZFKGFkyskA6fAoZF4q4CMUiWmiLExjqZH1Swsr,1759945680,2025-10-08T17:48:00.000Z,TRANSFER,HiMhS6KajuD6bBeXX8XS5QXbhWAuA5tqXTJUQRkFJDuS,2rKXteR775ejj2QrVntTzz8STL6rY9dN2Jji1qxN2vDZ,3107547199,out,3107.55,6,EPjFWdd5AufqSSqeM2qN1xzybapC8G4wEGGkZwyTDt1v,1.0
mZwH3vyjNUhmcDBydCuNo6ZdaLRFsB8fRo6xN2C6paKUV7CTsBmBomqEiS7R9ykuLVCwfyBdJESCdvrT45hky8a,1759922726,2025-10-08T11:25:26.000Z,TRANSFER,HiMhS6KajuD6bBeXX8XS5QXbhWAuA5tqXTJUQRkFJDuS,2nLijBw4UCDpD4ZQC6zxwsUsgNnMvYyucfWsexuLzQMN,2349621344,out,2349.62,6,EPjFWdd5AufqSSqeM2qN1xzybapC8G4wEGGkZwyTDt1v,1.0
f2LVYv1RGiGCtWtKfvfs6ngzsMqSzajpVLDtheE4L1dzVDf4ptkSDVVUvwecZzDfJJM3gQbxkxeKQUCdQ4Tw5kA,1759911408,2025-10-08T08:16:48.000Z,TRANSFER,HiMhS6KajuD6bBeXX8XS5QXbhWAuA5tqXTJUQRkFJDuS,EXkXxuowk5p7bQstHf9Hu6jaR8rSoXTidsegkwfP25cr,1584768644,out,1584.77,6,EPjFWdd5AufqSSqeM2qN1xzybapC8G4wEGGkZwyTDt1v,1.0
5rjUtsCavmxPm5BTFftVfLXsXfj6hWU17CQWZmHdfztH7n2jcSKZciunHVUMLT54MkdYTEoEJcb2bq8nA1Bh2A6w,1759759980,2025-10-06T14:13:00.000Z,TRANSFER,HiMhS6KajuD6bBeXX8XS5QXbhWAuA5tqXTJUQRkFJDuS,D1GbtfPnxNmYZrK91f4bDhYwo2o2uLz59dd7kLnrr1HH,1175909148,out,1175.91,6,EPjFWdd5AufqSSqeM2qN1xzybapC8G4wEGGkZwyTDt1v,1.0
2rDBJ6kNh2fbh4U8GdXx7cCSgzLuqfFuyxK8m99HB9dMejthwgNQjede6NsiUok4fmk67yqP5eRT1PdVLwKBBorB,1759747784,2025-10-06T10:49:44.000Z,TRANSFER,HiMhS6KajuD6bBeXX8XS5QXbhWAuA5tqXTJUQRkFJDuS,E7KNLpvM3fY6qaHXE4MRMQQ4hL66biSQ2DouuuXYL77o,2000000000,out,2000,6,EPjFWdd5AufqSSqeM2qN1xzybapC8G4wEGGkZwyTDt1v,1.0
7irByE4WsVH3pJvzDtFPCcuJPUiQMPvj6oZX8en7fFiiYyzBD9cmgndFG2NRMpj39syvEAjmWLYPLV3Fhr9qD8e,1759659841,2025-10-05T10:24:01.000Z,TRANSFER,HiMhS6KajuD6bBeXX8XS5QXbhWAuA5tqXTJUQRkFJDuS,Cpj9beKnasD27CoHHoKcL8NPVRCPS9kYXFXFzDmQAguX,1007267778,out,1007.27,6,EPjFWdd5AufqSSqeM2qN1xzybapC8G4wEGGkZwyTDt1v,1.0
56wh4XL3vJock21PRWD79Gj2MC63auFa3j8RZ496mB93992jR1R7bfUFMUzWBn8WtTZa4U7G55TLMB3sCPcFktQv,1759655520,2025-10-05T09:12:00.000Z,TRANSFER,HiMhS6KajuD6bBeXX8XS5QXbhWAuA5tqXTJUQRkFJDuS,GJKhtFzFbsVU1c8itBPzUyfravW3Zq9Gj9eMKRixbaN4,1246816536,out,1246.82,6,EPjFWdd5AufqSSqeM2qN1xzybapC8G4wEGGkZwyTDt1v,1.0
4ivZ5zfujuiD92aoXLNRDoWZhSRHAWL3ziWAc3WkLJXFsEx8wZNvobRuXB41jVFnhUtHXdbBKGrMkkdtCEuh9mXB,1759393801,2025-10-02T08:30:01.000Z,TRANSFER,HiMhS6KajuD6bBeXX8XS5QXbhWAuA5tqXTJUQRkFJDuS,2rKXteR775ejj2QrVntTzz8STL6rY9dN2Jji1qxN2vDZ,2528475514,out,2528.48,6,EPjFWdd5AufqSSqeM2qN1xzybapC8G4wEGGkZwyTDt1v,1.0
5kSsWaSmt6UcQbjTBnGccoNB79F4Bd3P1NfoR1iUivuU2aRM2hvP1YYh4uPinV7SVAifB93KHNd187R5iuRoLD5W,1759346739,2025-10-01T19:25:39.000Z,TRANSFER,HiMhS6KajuD6bBeXX8XS5QXbhWAuA5tqXTJUQRkFJDuS,9y8KTSjfuGyKbGxeRrTscBvPBzEaenY6Qspr6ixAg5RJ,1970277206,out,1970.28,6,EPjFWdd5AufqSSqeM2qN1xzybapC8G4wEGGkZwyTDt1v,1.0
5y9Uaw6yvW9tiDN1M7L7HMmATssk2GUhRRYeQeeM78V6vYRBzTSkAWMrGVL22NMyatEffsWeN8fNqiipRqkEJWjN,1759341081,2025-10-01T17:51:21.000Z,TRANSFER,HiMhS6KajuD6bBeXX8XS5QXbhWAuA5tqXTJUQRkFJDuS,9QMYzxE8Vz6L8YrHzNbd4VPwimhCnYVjyPSSyufvwQ7C,1012010687,out,1012.01,6,EPjFWdd5AufqSSqeM2qN1xzybapC8G4wEGGkZwyTDt1v,1.0
STqzAd5hvSZj8SFfXHiZyoNNzPZB6QyRhXxCYQaYU1NemtbMSmU4HKrm64HLuTiMnqpogNHnQD9FrfNPx257mZF,1759321161,2025-10-01T12:19:21.000Z,TRANSFER,HiMhS6KajuD6bBeXX8XS5QXbhWAuA5tqXTJUQRkFJDuS,7TtmTmM8q3x3QckwWEdxH5XCXTaxNhg7nymsnpVpwh7n,1342140132,out,1342.14,6,EPjFWdd5AufqSSqeM2qN1xzybapC8G4wEGGkZwyTDt1v,1.0
TzERkGhGnbMR7PzHM6ZcGn9dU7CQ884SANdHSrwdUogiVTpGQVdLVWHkGZ6UQ5vipgyhdkGAh2978BQDxje5yYz,1759221499,2025-09-30T08:38:19.000Z,TRANSFER,HiMhS6KajuD6bBeXX8XS5QXbhWAuA5tqXTJUQRkFJDuS,E7KNLpvM3fY6qaHXE4MRMQQ4hL66biSQ2DouuuXYL77o,2000000000,out,2000,6,EPjFWdd5AufqSSqeM2qN1xzybapC8G4wEGGkZwyTDt1v,1.0
2W7C1eLNfD4WKS4W4eAsC8JdnobydWpkoWpZCXcJgfjtEViDR2rYEKNyFiJ5bMGmCMED6isLrLKYj5GensEWupQe,1759143343,2025-09-29T10:55:43.000Z,TRANSFER,HiMhS6KajuD6bBeXX8XS5QXbhWAuA5tqXTJUQRkFJDuS,D1GbtfPnxNmYZrK91f4bDhYwo2o2uLz59dd7kLnrr1HH,1397771114,out,1397.77,6,EPjFWdd5AufqSSqeM2qN1xzybapC8G4wEGGkZwyTDt1v,1.0
s58jaEdQNime6CVtnMgT3a2zKxhEi6BeghJNF44o6a1BoshPoMgzjCMVYmT5Adj3vd9VwQFpasYkNXZEPs1kjmn,1759136360,2025-09-29T08:59:20.000Z,TRANSFER,HiMhS6KajuD6bBeXX8XS5QXbhWAuA5tqXTJUQRkFJDuS,C1kfXS5cWm1vAj13EfuvDR9FR53r1wHtUGhfyZHNFXDZ,1058743722,out,1058.74,6,EPjFWdd5AufqSSqeM2qN1xzybapC8G4wEGGkZwyTDt1v,1.0
66s8N6JyvAgibkS11RAYWvAZmt6zEnjBXcEnAUZRQrwewnj3jDgt3nEaWj8Dg4v4ZKoKG7Xs96JqDJwMvqLyaVTs,1759082441,2025-09-28T18:00:41.000Z,TRANSFER,HiMhS6KajuD6bBeXX8XS5QXbhWAuA5tqXTJUQRkFJDuS,GJKhtFzFbsVU1c8itBPzUyfravW3Zq9Gj9eMKRixbaN4,1225800229,out,1225.8,6,EPjFWdd5AufqSSqeM2qN1xzybapC8G4wEGGkZwyTDt1v,1.0
2qkJvKoQsWX67dhTbHK4jw6DDB35zazQoXVm6yH72x1NcFejSu3BV5RAaeDcqNgrR5RFHGayp5pjSS8KqZya1SBj,1759050482,2025-09-28T09:08:02.000Z,TRANSFER,HiMhS6KajuD6bBeXX8XS5QXbhWAuA5tqXTJUQRkFJDuS,2rKXteR775ejj2QrVntTzz8STL6rY9dN2Jji1qxN2vDZ,2459470894,out,2459.47,6,EPjFWdd5AufqSSqeM2qN1xzybapC8G4wEGGkZwyTDt1v,1.0
56YMfBSP56u9mZJM5DQDNDGXrW6ahziscBAss9BgGZQgXDeQ7rmp86FVG6N3nYMfmXLtGj54WqWpCkFKS4GAudtQ,1758982806,2025-09-27T14:20:06.000Z,TRANSFER,HiMhS6KajuD6bBeXX8XS5QXbhWAuA5tqXTJUQRkFJDuS,E7KNLpvM3fY6qaHXE4MRMQQ4hL66biSQ2DouuuXYL77o,2000000000,out,2000,6,EPjFWdd5AufqSSqeM2qN1xzybapC8G4wEGGkZwyTDt1v,1.0
3FGT4KPYeeohYEGxwcKqFK4A9gc1PLC8SJKTLqENdGKtpMzoXmbYaFX4iUgXWgsg7c5fmWLm19qjhijUEqcNUfWz,1758826782,2025-09-25T18:59:42.000Z,TRANSFER,HiMhS6KajuD6bBeXX8XS5QXbhWAuA5tqXTJUQRkFJDuS,7TtmTmM8q3x3QckwWEdxH5XCXTaxNhg7nymsnpVpwh7n,1249260546,out,1249.26,6,EPjFWdd5AufqSSqeM2qN1xzybapC8G4wEGGkZwyTDt1v,1.0
3kSXgEGq5ai7dgRiMUtoAWW3CBR6MVMhmBjMp4ujKc6fTHmyy9YXUV8Sad4kuy37VNkfbvFuad4wLx9VjkupCfDK,1758799749,2025-09-25T11:29:09.000Z,TRANSFER,HiMhS6KajuD6bBeXX8XS5QXbhWAuA5tqXTJUQRkFJDuS,D1GbtfPnxNmYZrK91f4bDhYwo2o2uLz59dd7kLnrr1HH,2435334971,out,2435.33,6,EPjFWdd5AufqSSqeM2qN1xzybapC8G4wEGGkZwyTDt1v,1.0
3k4nvDVfC9xk3ot5S6SHu6hhzbncvgdko3zfdMEBHRwAkdy7KaXEx8DKEVukrpXR4ghf2Zx6ABuscTNWuqw7jQK8,1758741901,2025-09-24T19:25:01.000Z,TRANSFER,HiMhS6KajuD6bBeXX8XS5QXbhWAuA5tqXTJUQRkFJDuS,FeGVVgB3bcBu7SW2x7cTop4tw5CVuKjFKRfmGeAteWWV,1721516447,out,1721.52,6,EPjFWdd5AufqSSqeM2qN1xzybapC8G4wEGGkZwyTDt1v,1.0
5u9EY6cU7bbMvD7u8ch7PUhY6npsuaAd6ShpSFu4f45HD4TW9UT8BJ6z5TS9C6wwD2HwwWipmBpRbetMcdv4WN4K,1758722860,2025-09-24T14:07:40.000Z,TRANSFER,HiMhS6KajuD6bBeXX8XS5QXbhWAuA5tqXTJUQRkFJDuS,69dH9FXaTms82FarpYmmRVgrhCNYsUVde63L6fGAPdbF,1767479946,out,1767.48,6,EPjFWdd5AufqSSqeM2qN1xzybapC8G4wEGGkZwyTDt1v,1.0
3v3n7NQWdng4ADb8KaVrvSHuXNaPCFpxB2vjjMgzjBuj3N1pQNCmLec7wqjTWmLUmE53nH6jZUJ9Suqi1WJQ9Bzh,1758703900,2025-09-24T08:51:40.000Z,TRANSFER,HiMhS6KajuD6bBeXX8XS5QXbhWAuA5tqXTJUQRkFJDuS,2nLijBw4UCDpD4ZQC6zxwsUsgNnMvYyucfWsexuLzQMN,1570638490,out,1570.64,6,EPjFWdd5AufqSSqeM2qN1xzybapC8G4wEGGkZwyTDt1v,1.0
5vvjwYjEXmsS2JMur1pX1iUnUMZRywwkyL7cNRJF9hnsuERBcU6EWcqRLcyzpC5mXxByQBZdzTuCFUkctrKX7r2V,1758702140,2025-09-24T08:22:20.000Z,TRANSFER,HiMhS6KajuD6bBeXX8XS5QXbhWAuA5tqXTJUQRkFJDuS,58vbsWB1ytfwbLNszgf8AHEufLHrXpjvpN8MbcucnaV8,1144562366,out,1144.56,6,EPjFWdd5AufqSSqeM2qN1xzybapC8G4wEGGkZwyTDt1v,1.0
5Lk8DYpZ7qyJtKm7XenYyc1e6HcfQCeoYvuRLcn2LFU3K2XwtYAcjZe6zpYGjS36aNE3YsVVpEAnF4vs7VZwGu9m,1758626780,2025-09-23T11:26:20.000Z,TRANSFER,HiMhS6KajuD6bBeXX8XS5QXbhWAuA5tqXTJUQRkFJDuS,K5USSa4X1CFK2TgKX3tFPgmbWmB1ZNpnw95uXPUQZHj,1566695827,out,1566.7,6,EPjFWdd5AufqSSqeM2qN1xzybapC8G4wEGGkZwyTDt1v,1.0
3PGn92wgqhk24teywGZpgyMuFwYxdf2FA5uxudYG8jAZGKUmXFsjhuda4CJcvxFQNUgq355wqrpbC9xQ9w4DT7mC,1758558321,2025-09-22T16:25:21.000Z,TRANSFER,HiMhS6KajuD6bBeXX8XS5QXbhWAuA5tqXTJUQRkFJDuS,2rKXteR775ejj2QrVntTzz8STL6rY9dN2Jji1qxN2vDZ,2324455556,out,2324.46,6,EPjFWdd5AufqSSqeM2qN1xzybapC8G4wEGGkZwyTDt1v,1.0
swnks6Grng7bTKufz3eKqRNrxSj7Lyir5MnCfRZ68dP5uBmH9UCfFtmjFqHnt3R7Spkye8WVTQfwfeDUpfZ4MpK,1758475387,2025-09-21T17:23:07.000Z,TRANSFER,HiMhS6KajuD6bBeXX8XS5QXbhWAuA5tqXTJUQRkFJDuS,7Evcr9XFW9wEUZaoGeexMboHwGtZPKBMyUNSXYrsfSQ2,1203750837,out,1203.75,6,EPjFWdd5AufqSSqeM2qN1xzybapC8G4wEGGkZwyTDt1v,1.0
3nxnmBfJdvwZV24rGi6Rb32myak3oqhfkHiGxsvM7t1mUQ9pbGFWnNA1bFuxCAvsMbReBAL6UKgVMBYP6GutDh82,1758447821,2025-09-21T09:43:41.000Z,TRANSFER,HiMhS6KajuD6bBeXX8XS5QXbhWAuA5tqXTJUQRkFJDuS,D1GbtfPnxNmYZrK91f4bDhYwo2o2uLz59dd7kLnrr1HH,1716045800,out,1716.05,6,EPjFWdd5AufqSSqeM2qN1xzybapC8G4wEGGkZwyTDt1v,1.0
3L8siYnqkqXj9Fq2eDcN4gm3dGNr3hLEyw5NrEDJF9DCPgAkgzxf7CR7egrpk3GpXWeyLvftphWJCqXZLAxR7KNo,1758445441,2025-09-21T09:04:01.000Z,TRANSFER,HiMhS6KajuD6bBeXX8XS5QXbhWAuA5tqXTJUQRkFJDuS,2uWsN3V5GmCDW6YV1qu3fVy4yPXNbjFgjRVMx8dyqFma,1194536467,out,1194.54,6,EPjFWdd5AufqSSqeM2qN1xzybapC8G4wEGGkZwyTDt1v,1.0
3jCWGmV1ecJvSXohfhb8VpG9JHyhE3tXEz7NzSiXWvyRXV4LKSwXNawLGmYAj1tCVWc2wxuLgZqNHgQy8ArVAakZ,1758368201,2025-09-20T11:36:41.000Z,TRANSFER,HiMhS6KajuD6bBeXX8XS5QXbhWAuA5tqXTJUQRkFJDuS,Ez7SUNDoi37iGGiT1ca5w5J4APEvHyqkrBvYzxLSWD93,2446519442,out,2446.52,6,EPjFWdd5AufqSSqeM2qN1xzybapC8G4wEGGkZwyTDt1v,1.0
5VRgi7s8gU4BD4uaQAfxYmuVRAoHgbeuRqARX9Y3HKZp4TCZ8x5FwDTyVebF43o4JshMazAEnnN9NpsZLtZQtZNQ,1758360341,2025-09-20T09:25:41.000Z,TRANSFER,HiMhS6KajuD6bBeXX8XS5QXbhWAuA5tqXTJUQRkFJDuS,AVMmhevC2gfYT41nG4rhtt2GgLc3x26kaNVdD3vzG3L6,1722198934,out,1722.2,6,EPjFWdd5AufqSSqeM2qN1xzybapC8G4wEGGkZwyTDt1v,1.0
5K35Zvxw4pyB939FsRDgQR1ais1TUA7qCjdajnxCnWq8BDhLZF3inpkfYMmj1X1ZAzstfHKXrquT9LFjvdndEtqQ,1758221382,2025-09-18T18:49:42.000Z,TRANSFER,HiMhS6KajuD6bBeXX8XS5QXbhWAuA5tqXTJUQRkFJDuS,6Htfb5mPntPwfjkRjBwJbGSB6iWDFZfE2a4WGbRWPF1,1534606094,out,1534.61,6,EPjFWdd5AufqSSqeM2qN1xzybapC8G4wEGGkZwyTDt1v,1.0
4jbNibCBuKwqB13XhrtFshpmz6Mpk7uxrFt5Uy7ebMKVjhxbceoE6Zi3B3mnrX5HJEfchintYvBXWotiwZmBHTSU,1758120858,2025-09-17T14:54:18.000Z,TRANSFER,HiMhS6KajuD6bBeXX8XS5QXbhWAuA5tqXTJUQRkFJDuS,2rKXteR775ejj2QrVntTzz8STL6rY9dN2Jji1qxN2vDZ,3555074596,out,3555.07,6,EPjFWdd5AufqSSqeM2qN1xzybapC8G4wEGGkZwyTDt1v,1.0
4AfdVu6jAENKJgJhfiHJZLXqicGRNwFhvanvucLmnPqxWGJMRi8YPna8MMypPcjSDjH5kL3V1tXgbnWAA1YM4cec,1758109398,2025-09-17T11:43:18.000Z,TRANSFER,HiMhS6KajuD6bBeXX8XS5QXbhWAuA5tqXTJUQRkFJDuS,Eo3r5SBG4ga2gD7hEUPmmCD2GSKDDMaNkN7m6GgMPw1U,1055288943,out,1055.29,6,Es9vMFrzaCERmJfrF4H2FYD4KCoNkY11McCe8BenwNYB,1.0
3gHbTy2VBwXPN9zFBTYKeyawVXvCFUSLufTJnqNt19RvTJ4b8cDgoxX2eERTtFiAptg4gPiPwPnmpNW5Qm9Bncky,1757948065,2025-09-15T14:54:25.000Z,TRANSFER,HiMhS6KajuD6bBeXX8XS5QXbhWAuA5tqXTJUQRkFJDuS,25GChxCnRo4vFB7sFNxqyo9p5kYSYDWBwc5avCYpazjG,1318362218,out,1318.36,6,EPjFWdd5AufqSSqeM2qN1xzybapC8G4wEGGkZwyTDt1v,1.0
3Mi5wMviJ2aD4jkh2XHjDfHNKnVDgjLFTg4Nptabi18Mjh9yB1CSkYcNnceCXc8rTWBYAkwbruFPidHrjKqbqv38,1757842357,2025-09-14T09:32:37.000Z,TRANSFER,HiMhS6KajuD6bBeXX8XS5QXbhWAuA5tqXTJUQRkFJDuS,2nLijBw4UCDpD4ZQC6zxwsUsgNnMvYyucfWsexuLzQMN,3596710907,out,3596.71,6,EPjFWdd5AufqSSqeM2qN1xzybapC8G4wEGGkZwyTDt1v,1.0
3p9G1sDAGdXJgS3E3jDSVsy9bZd6xX7pjF2rmR9PJAr3hoDYKjq7QGtvCVGXgL6VKXjkZtSeDaQCH69Y9aP66F9m,1757762138,2025-09-13T11:15:38.000Z,TRANSFER,HiMhS6KajuD6bBeXX8XS5QXbhWAuA5tqXTJUQRkFJDuS,7Evcr9XFW9wEUZaoGeexMboHwGtZPKBMyUNSXYrsfSQ2,1326613108,out,1326.61,6,EPjFWdd5AufqSSqeM2qN1xzybapC8G4wEGGkZwyTDt1v,1.0
44PkbeN9pvBUjyteemmHuKDpbhyP9BkvFZQTW3UVwx5mjqMBHarxwJzfEbwkzBTtiWh7EqKz3A9zBmJuUukCBkV7,1757664423,2025-09-12T08:07:03.000Z,TRANSFER,HiMhS6KajuD6bBeXX8XS5QXbhWAuA5tqXTJUQRkFJDuS,BRPsiozmWhtTccjTXGAxSjNFLAN8Kcr26EM6jk4BdxKQ,1058861116,out,1058.86,6,EPjFWdd5AufqSSqeM2qN1xzybapC8G4wEGGkZwyTDt1v,1.0
TL5ZJadBG9tM7t9dKWNL1BL9iFrHBjFs7iw7PD1G28LkTa1UdskaXQZQnyBzBVgrN5e8pVrs1vEpBsBWUesd1T7,1757587803,2025-09-11T10:50:03.000Z,TRANSFER,HiMhS6KajuD6bBeXX8XS5QXbhWAuA5tqXTJUQRkFJDuS,CWmijp7YLAq6J9jyz3nd4EWAW4VwjuaPzaAip2SJ62qP,1107864907,out,1107.86,6,EPjFWdd5AufqSSqeM2qN1xzybapC8G4wEGGkZwyTDt1v,1.0
3nL8xpZVmjYxe4t6JPKde4fuNDvUbkxEVU75pXFx4inySawkRu7zFfv1b8KY8C65ppV7x7nCYdrX9hdYDnc1cgTH,1757578224,2025-09-11T08:10:24.000Z,TRANSFER,HiMhS6KajuD6bBeXX8XS5QXbhWAuA5tqXTJUQRkFJDuS,67ntgiyidqXS5LB5UKSv3R6RURKncfutFjvLvnLpNy7Q,1387345918,out,1387.35,6,EPjFWdd5AufqSSqeM2qN1xzybapC8G4wEGGkZwyTDt1v,1.0
21aaCvyoy6ULJd9KzkGhowiD4ESo84Wtu5qbVwi16pPGaQMGY86HpQFAXFRZ2HAAMf2AMFZPuBDRkGqdf7fi2wip,1757491690,2025-09-10T08:08:10.000Z,TRANSFER,HiMhS6KajuD6bBeXX8XS5QXbhWAuA5tqXTJUQRkFJDuS,TaezqdUNn2CL5m6fBBSj8GqTZaHWdjGRRpPYXA2DYnV,1116907231,out,1116.91,6,EPjFWdd5AufqSSqeM2qN1xzybapC8G4wEGGkZwyTDt1v,1.0
4AXDwwHg86fEtfiF62QMaVUZUzEbu9aTgDu8FJuLB6Tx6Rirkw9h5agr74LdEVZAcd5GzWLUAzvcxnJZ7RXZ8fNF,1757405586,2025-09-09T08:13:06.000Z,TRANSFER,HiMhS6KajuD6bBeXX8XS5QXbhWAuA5tqXTJUQRkFJDuS,58vbsWB1ytfwbLNszgf8AHEufLHrXpjvpN8MbcucnaV8,1289561600,out,1289.56,6,EPjFWdd5AufqSSqeM2qN1xzybapC8G4wEGGkZwyTDt1v,1.0
48K3DtY5qyathGNGRXKszfHhUy8mM8oPgmtYsWtcyykpE5iQu98gXX7vcDoxpFLEJs9hZTsbbKsgZRCXhY4aa9PQ,1757270123,2025-09-07T18:35:23.000Z,TRANSFER,HiMhS6KajuD6bBeXX8XS5QXbhWAuA5tqXTJUQRkFJDuS,DacgfxqzrWJztymBN4v8MBfFEhCWxzvDw5U8jUM4wtaX,2343575983,out,2343.58,6,EPjFWdd5AufqSSqeM2qN1xzybapC8G4wEGGkZwyTDt1v,1.0
4tVTiHWBLasZUWfhZX6w8GEm8KKngpgY38CUqmDB7FEcoSC7gRggiXGZXp2kApspCqRZVuocKUSpRidu5HMfqpJy,1757247084,2025-09-07T12:11:24.000Z,TRANSFER,HiMhS6KajuD6bBeXX8XS5QXbhWAuA5tqXTJUQRkFJDuS,E7KNLpvM3fY6qaHXE4MRMQQ4hL66biSQ2DouuuXYL77o,1000000000,out,1000,6,EPjFWdd5AufqSSqeM2qN1xzybapC8G4wEGGkZwyTDt1v,1.0
4a3p49XZt2Uz86GbS5a3SkQ4No5VgGfs8Q84MrynDtSfyJj7zHPNEYfyquCJN6qsnJwGuTu5rxvaof8cvDYa6jsN,1757061426,2025-09-05T08:37:06.000Z,TRANSFER,HiMhS6KajuD6bBeXX8XS5QXbhWAuA5tqXTJUQRkFJDuS,9Jj71mFKwCVUDHW8nLB5CpUHL7w5yRtqDKcxV3jsZkSJ,1095785259,out,1095.79,6,EPjFWdd5AufqSSqeM2qN1xzybapC8G4wEGGkZwyTDt1v,1.0
5C6BUnJM9pc75L4LA64KWKEs2fqpgvHQNxQt51B3ZfriMUnntRspAGVTQYHLDmKMdDwdGCwJrxYLRUMbB3j1TmvC,1756975103,2025-09-04T08:38:23.000Z,TRANSFER,HiMhS6KajuD6bBeXX8XS5QXbhWAuA5tqXTJUQRkFJDuS,9y8KTSjfuGyKbGxeRrTscBvPBzEaenY6Qspr6ixAg5RJ,1221392209,out,1221.39,6,EPjFWdd5AufqSSqeM2qN1xzybapC8G4wEGGkZwyTDt1v,1.0
4jv5QewsWmKpikfoALceujv5t9f3Zx6WrzaxjGDeVGkMoxurCQSkK4QAFHSovf3a98UA7ES87BYFeh61QJs5yc1Q,1756814616,2025-09-02T12:03:36.000Z,TRANSFER,HiMhS6KajuD6bBeXX8XS5QXbhWAuA5tqXTJUQRkFJDuS,E7KNLpvM3fY6qaHXE4MRMQQ4hL66biSQ2DouuuXYL77o,1200000000,out,1200,6,EPjFWdd5AufqSSqeM2qN1xzybapC8G4wEGGkZwyTDt1v,1.0
41WAHCZAQXsWueQ3d5FBr9jzxAqBkN1DMAn2Yi2RR3BuuCyW3WxBirji3wCG2Dfp8LwzqbgpYg5QUzAE6WLtbkkd,1756739173,2025-09-01T15:06:13.000Z,TRANSFER,HiMhS6KajuD6bBeXX8XS5QXbhWAuA5tqXTJUQRkFJDuS,H4wcPfX28ZzfLk17DH69Bx5xNrJJHm46d7JaQNhLQUH8,1257525483,out,1257.53,6,EPjFWdd5AufqSSqeM2qN1xzybapC8G4wEGGkZwyTDt1v,1.0
39GV3eXhnrBffbx9YSdpmvNgWHqeEVVfqD1DWdpueZFtYhKcgngwhcDJZbu6qXT8kgaW1HXqC9QwRrN1KCmTpc52,1756631329,2025-08-31T09:08:49.000Z,TRANSFER,HiMhS6KajuD6bBeXX8XS5QXbhWAuA5tqXTJUQRkFJDuS,H62UaJRRhDTJqddzgAbsW5YVaMAKmLj1VxoGcVik5fFx,1720902015,out,1720.9,6,EPjFWdd5AufqSSqeM2qN1xzybapC8G4wEGGkZwyTDt1v,1.0
3Xfrvj6j7C6m4FTo1NfeGZy3tmiKc7dVHJKS3had3qJJEwGHnzomwovMU4rcrNSqpYNE74iP8HN58MYYx2iSgPyz,1756304999,2025-08-27T14:29:59.000Z,TRANSFER,HiMhS6KajuD6bBeXX8XS5QXbhWAuA5tqXTJUQRkFJDuS,2rKXteR775ejj2QrVntTzz8STL6rY9dN2Jji1qxN2vDZ,1745456752,out,1745.46,6,EPjFWdd5AufqSSqeM2qN1xzybapC8G4wEGGkZwyTDt1v,1.0
63auWE9P2Kwyy2n1U828diwRLcanCBLssRZJ6aYk3AGaSSRwyVTdAV4Yehe7k9ygUwkohBSeG4GYXCZ8ScHk9aYq,1756218418,2025-08-26T14:26:58.000Z,TRANSFER,HiMhS6KajuD6bBeXX8XS5QXbhWAuA5tqXTJUQRkFJDuS,AVMmhevC2gfYT41nG4rhtt2GgLc3x26kaNVdD3vzG3L6,1149602086,out,1149.6,6,EPjFWdd5AufqSSqeM2qN1xzybapC8G4wEGGkZwyTDt1v,1.0
3AX3cJooMU7vD6Toa28Nq5kXUEuXyxMiQK6HecQi5VxnXDegaJQRRnp4ST1xgGmzCdAX5cwgb8LrtUQjZnetSjtK,1756114179,2025-08-25T09:29:39.000Z,TRANSFER,HiMhS6KajuD6bBeXX8XS5QXbhWAuA5tqXTJUQRkFJDuS,25GChxCnRo4vFB7sFNxqyo9p5kYSYDWBwc5avCYpazjG,1284373364,out,1284.37,6,EPjFWdd5AufqSSqeM2qN1xzybapC8G4wEGGkZwyTDt1v,1.0
2UW7s6QEgvcL5ZsFU393fqtUkR3jBKFeHTHT76Ty1pnHabx4NvYa6CZ2jFXJHZf4Bx4Y9qP8X3Y2FviK7jTH1EZy,1755941678,2025-08-23T09:34:38.000Z,TRANSFER,HiMhS6KajuD6bBeXX8XS5QXbhWAuA5tqXTJUQRkFJDuS,2nLijBw4UCDpD4ZQC6zxwsUsgNnMvYyucfWsexuLzQMN,1525781206,out,1525.78,6,EPjFWdd5AufqSSqeM2qN1xzybapC8G4wEGGkZwyTDt1v,1.0
2bh25gegwHkUwUnEBCXNPDYtUxyjfAQzBPnBJMNUbmEQxNP9e3YY1CRh6fhnX3VgmF6eX19gNTjhNyB1R3NXP9uw,1755337519,2025-08-16T09:45:19.000Z,TRANSFER,HiMhS6KajuD6bBeXX8XS5QXbhWAuA5tqXTJUQRkFJDuS,7Evcr9XFW9wEUZaoGeexMboHwGtZPKBMyUNSXYrsfSQ2,1111053109,out,1111.05,6,EPjFWdd5AufqSSqeM2qN1xzybapC8G4wEGGkZwyTDt1v,1.0
sVo3HhoDzyhGkvyH4CzTsuLVJACrwPfdsVxDGTXp67P6cFBgKSbmwgcHL7PBxYeumF2zLtsbXuwoCkVAj8nVDfq,1754921860,2025-08-11T14:17:40.000Z,TRANSFER,HiMhS6KajuD6bBeXX8XS5QXbhWAuA5tqXTJUQRkFJDuS,2rKXteR775ejj2QrVntTzz8STL6rY9dN2Jji1qxN2vDZ,3782689832,out,3782.69,6,EPjFWdd5AufqSSqeM2qN1xzybapC8G4wEGGkZwyTDt1v,1.0
2y5RnvEMYGUKpvpt3vnfXgR6gjZnHGsC9qbjNVYLik4nuvqb3ifoeMbHsoPHRhm4Zqy1i2BHBhVPu3bdSr8o3LEX,1754215892,2025-08-03T10:11:32.000Z,TRANSFER,HiMhS6KajuD6bBeXX8XS5QXbhWAuA5tqXTJUQRkFJDuS,E7KNLpvM3fY6qaHXE4MRMQQ4hL66biSQ2DouuuXYL77o,1500000000,out,1500,6,EPjFWdd5AufqSSqeM2qN1xzybapC8G4wEGGkZwyTDt1v,1.0
4QC849oR9LgoW9siH5ThC8dPb2feRXM5GEn1juQJqaVp4mDYgJoRqUrb8cCPfnTTbkNBhBJYhPhpUhAiBdVatko2,1754065116,2025-08-01T16:18:36.000Z,TRANSFER,HiMhS6KajuD6bBeXX8XS5QXbhWAuA5tqXTJUQRkFJDuS,E7KNLpvM3fY6qaHXE4MRMQQ4hL66biSQ2DouuuXYL77o,1000000000,out,1000,6,EPjFWdd5AufqSSqeM2qN1xzybapC8G4wEGGkZwyTDt1v,1.0
5vJPwZrzzqrYk3ND1Tky3Vaby2kADSMKu6nC2hkez6S2nGC7vtG5RUJ8Wtif1inuMMJiK4r1fTLmhmtAA3D7AFyS,1752320943,2025-07-12T11:49:03.000Z,TRANSFER,HiMhS6KajuD6bBeXX8XS5QXbhWAuA5tqXTJUQRkFJDuS,E7KNLpvM3fY6qaHXE4MRMQQ4hL66biSQ2DouuuXYL77o,1200000000,out,1200,6,EPjFWdd5AufqSSqeM2qN1xzybapC8G4wEGGkZwyTDt1v,1.0
63EDZWPw7wAigzHMNZ75AoNdykLhmQGnEnQKyR7R2C95zHNbQ6jisRsPq6cocUcaR1gYDiKnCJ3UdQ2MUWFNVbvM,1752073285,2025-07-09T15:01:25.000Z,TRANSFER,HiMhS6KajuD6bBeXX8XS5QXbhWAuA5tqXTJUQRkFJDuS,8uXYNKrXcDFQEu7KBRmoShgibhv5mPgV82M1AcPoBk9X,2923144117,out,2923.14,6,EPjFWdd5AufqSSqeM2qN1xzybapC8G4wEGGkZwyTDt1v,1.0
54jXHwb6CHWJe9Yes89f6hSuW9twSspRnFmxMW8hqXGYuPN5qh37R5Sjwe352dTcbMJa6AXT4rXTYvKMDePAtQKn,1751709364,2025-07-05T09:56:04.000Z,TRANSFER,HiMhS6KajuD6bBeXX8XS5QXbhWAuA5tqXTJUQRkFJDuS,DacgfxqzrWJztymBN4v8MBfFEhCWxzvDw5U8jUM4wtaX,1414459959,out,1414.46,6,EPjFWdd5AufqSSqeM2qN1xzybapC8G4wEGGkZwyTDt1v,1.0
5kraFGA5FN2HFmJM8RdDQ1UT6xE6NTqAUHWdrEJHrXs3kbNmc9DqdWbnj32hBco6ZYqWrkKT3UKKg6NgJpWfThRf,1751158161,2025-06-29T00:49:21.000Z,TRANSFER,HiMhS6KajuD6bBeXX8XS5QXbhWAuA5tqXTJUQRkFJDuS,E7KNLpvM3fY6qaHXE4MRMQQ4hL66biSQ2DouuuXYL77o,1000000000,out,1000,6,EPjFWdd5AufqSSqeM2qN1xzybapC8G4wEGGkZwyTDt1v,1.0
3QFcU4dUyDfACL8sV4jrPmPGci741AppWPBhCXn4Cp1shUH7xRzExpvuWiDLr74gYUEv88gGuNSFiAebdtt3hLs2,1750927256,2025-06-26T08:40:56.000Z,TRANSFER,HiMhS6KajuD6bBeXX8XS5QXbhWAuA5tqXTJUQRkFJDuS,E7KNLpvM3fY6qaHXE4MRMQQ4hL66biSQ2DouuuXYL77o,1000000000,out,1000,6,Es9vMFrzaCERmJfrF4H2FYD4KCoNkY11McCe8BenwNYB,1.0
32YQiWqqZHi2zoUgFtnD4DUvv4FPXD6NGeU5K6aoZpSEf1nJGhxLXTENk91Wnoq85d5GnjXNgjjEv3b4LVp1qi9K,1750867415,2025-06-25T16:03:35.000Z,TRANSFER,HiMhS6KajuD6bBeXX8XS5QXbhWAuA5tqXTJUQRkFJDuS,E7KNLpvM3fY6qaHXE4MRMQQ4hL66biSQ2DouuuXYL77o,1000000000,out,1000,6,EPjFWdd5AufqSSqeM2qN1xzybapC8G4wEGGkZwyTDt1v,1.0
DUd98RrDtoseWLpFBf7NK9qfomT4aR63wt1ARw9ZBuXorL59UrfsrTx95TQhdfD2Qr74UtsQ41wzSJZpuz6r61x,1750845407,2025-06-25T09:56:47.000Z,TRANSFER,HiMhS6KajuD6bBeXX8XS5QXbhWAuA5tqXTJUQRkFJDuS,E7KNLpvM3fY6qaHXE4MRMQQ4hL66biSQ2DouuuXYL77o,1000000000,out,1000,6,Es9vMFrzaCERmJfrF4H2FYD4KCoNkY11McCe8BenwNYB,1.0
2HMtcTQk8451UprkU8v2ZsTAq99BQZSbSo8cJTjPMTCfJk515Yq4WtzRencfbXaHNrQgJjeRM2LcraconwNePNrW,1748689837,2025-05-31T11:10:37.000Z,TRANSFER,HiMhS6KajuD6bBeXX8XS5QXbhWAuA5tqXTJUQRkFJDuS,E7KNLpvM3fY6qaHXE4MRMQQ4hL66biSQ2DouuuXYL77o,1000000000,out,1000,6,Es9vMFrzaCERmJfrF4H2FYD4KCoNkY11McCe8BenwNYB,1.0
5FN7a6Hrri6YeMR1vsxsvd629hXBJrG9eBqvJE8LgLD2XjnJ7FUVjv36TsPqF37Z9n4wuUVVMPD3oyJgT3FPqzDt,1748424738,2025-05-28T09:32:18.000Z,TRANSFER,HiMhS6KajuD6bBeXX8XS5QXbhWAuA5tqXTJUQRkFJDuS,E7KNLpvM3fY6qaHXE4MRMQQ4hL66biSQ2DouuuXYL77o,1000000000,out,1000,6,EPjFWdd5AufqSSqeM2qN1xzybapC8G4wEGGkZwyTDt1v,1.0
4exMP7VXdEyktCx4GbzKk6f2Msyk628rHh8z1TgEhEdeeZFvZwjbeQmpgXAb9rwSHsdpYH1andi1c1BLeuEZ2nbv,1747923999,2025-05-22T14:26:39.000Z,TRANSFER,HiMhS6KajuD6bBeXX8XS5QXbhWAuA5tqXTJUQRkFJDuS,E7KNLpvM3fY6qaHXE4MRMQQ4hL66biSQ2DouuuXYL77o,1000000000,out,1000,6,EPjFWdd5AufqSSqeM2qN1xzybapC8G4wEGGkZwyTDt1v,1.0
47gnqEd2y3PAzw8n6dPH1KKiUdkdRkPmCaXEzT8JSX8avF7YkuZeU98PbZ3cAVSGQfseAWNn5j3LcfAXaWYgdTUR,1747578306,2025-05-18T14:25:06.000Z,TRANSFER,HiMhS6KajuD6bBeXX8XS5QXbhWAuA5tqXTJUQRkFJDuS,E7KNLpvM3fY6qaHXE4MRMQQ4hL66biSQ2DouuuXYL77o,1000000000,out,1000,6,EPjFWdd5AufqSSqeM2qN1xzybapC8G4wEGGkZwyTDt1v,1.0
